tradingsymbol,name
NIFTY,
BANKNIFTY,
FINNIFTY,
MIDCPNIFTY,
360ONE,
ABB,
ABCAPITAL,
ADANIENSOL,
ADANIENT,
ADANIGREEN,
ADANIPORTS,
ALKEM,
AMBER,
AMBUJACEM,
ANGELONE,
APLAPOLLO,
APOLLOHOSP,
ASHOKLEY,
ASIANPAINT,
ASTRAL,
AUBANK,
AUROPHARMA,
AXISBANK,
BAJAJ-AUTO,
BAJAJFINSV,
BAJFINANCE,
BANDHANBNK,
BANKBARODA,
BANKINDIA,
BDL,
BEL,
BHARATFORG,
BHARTIARTL,
BHEL,
BIOCON,
BLUESTARCO,
BOSCHLTD,
BPCL,
BRITANNIA,
BSE,
CAMS,
CANBK,
CDSL,
CGPOWER,
CHOLAFIN,
CIPLA,
COALINDIA,
COFORGE,
COLPAL,
CONCOR,
CROMPTON,
CUMMINSIND,
CYIENT,
DABUR,
DALBHARAT,
DELHIVERY,
DIVISLAB,
DIXON,
DLF,
DMART,
DRREDDY,
EICHERMOT,
ETERNAL,
EXIDEIND,
FEDERALBNK,
FORTIS,
GAIL,
GLENMARK,
GMRAIRPORT,
GODREJCP,
GODREJPROP,
GRASIM,
HAL,
HAVELLS,
HCLTECH,
HDFCAMC,
HDFCBANK,
HDFCLIFE,
HEROMOTOCO,
HFCL,
HINDALCO,
HINDPETRO,
HINDUNILVR,
HINDZINC,
HUDCO,
ICICIBANK,
ICICIGI,
ICICIPRULI,
IDEA,
IDFCFIRSTB,
IEX,
IIFL,
INDHOTEL,
INDIANB,
INDIGO,
INDUSINDBK,
INDUSTOWER,
INFY,
INOXWIND,
IOC,
IRCTC,
IREDA,
IRFC,
ITC,
JINDALSTEL,
JIOFIN,
JSWENERGY,
JSWSTEEL,
JUBLFOOD,
KALYANKJIL,
KAYNES,
KEI,
KFINTECH,
KOTAKBANK,
KPITTECH,
LAURUSLABS,
LICHSGFIN,
LICI,
LODHA,
LT,
LTF,
LTIM,
LUPIN,
M&M,
MANAPPURAM,
MANKIND,
MARICO,
MARUTI,
MAXHEALTH,
MAZDOCK,
MCX,
MFSL,
MOTHERSON,
MPHASIS,
MUTHOOTFIN,
NATIONALUM,
NAUKRI,
NBCC,
NCC,
NESTLEIND,
NHPC,
NMDC,
NTPC,
NUVAMA,
NYKAA,
OBEROIRLTY,
OFSS,
OIL,
ONGC,
PAGEIND,
PATANJALI,
PAYTM,
PERSISTENT,
PETRONET,
PFC,
PGEL,
PHOENIXLTD,
PIDILITIND,
PIIND,
PNB,
PNBHOUSING,
POLICYBZR,
POLYCAB,
POWERGRID,
POWERINDIA,
PPLPHARMA,
PRESTIGE,
RBLBANK,
RECLTD,
RELIANCE,
RVNL,
SAIL,
SAMMAANCAP,
SBICARD,
SBILIFE,
SBIN,
SHREECEM,
SHRIRAMFIN,
SIEMENS,
SOLARINDS,
SONACOMS,
SRF,
SUNPHARMA,
SUPREMEIND,
SUZLON,
SYNGENE,
TATACONSUM,
TATAELXSI,
TATAPOWER,
TATASTEEL,
TATATECH,
TCS,
TECHM,
TIINDIA,
TITAGARH,
TITAN,
TMPV,
TORNTPHARM,
TORNTPOWER,
TRENT,
TVSMOTOR,
ULTRACEMCO,
UNIONBANK,
UNITDSPR,
UNOMINDA,
UPL,
VBL,
VEDL,
VOLTAS,
WIPRO,
YESBANK,
ZYDUSLIFE,
