tradingsymbol,name,expiry,lot_size,instrument_token,timestamp,last_trade_time,bid,ask,last,change,high,low,close,buyers,sellers,volume,oi,last_quantity,buy_quantity,sell_quantity,upper_circuit,lower_circuit,atp,oi_day_high,oi_day_low
BANKNIFTY25DECFUT,BANKNIFTY,2025-12-30,35,12674050,2025-12-30 10:16:54.410729,2025-12-30 10:16:48,58945.4,58952.4,58950.0,0,58957.6,58761.0,58947.2,5,5,206710,616385,35,35385,56210,64841.8,53052.6,58839.31,673575,616385
FINNIFTY25DECFUT,FINNIFTY,2025-12-30,65,12677378,2025-12-30 10:16:54.410729,2025-12-30 10:16:54,27333.9,27341.3,27339.8,0,27371.7,27308.1,27380.0,5,5,10010,25415,65,15340,14560,30118.0,24642.0,27333.86,26000,25285
MIDCPNIFTY25DECFUT,MIDCPNIFTY,2025-12-30,140,12677634,2025-12-30 10:16:54.410729,2025-12-30 10:16:54,13632.45,13635.35,13632.45,0,13648.55,13600.1,13660.3,5,5,114520,878360,140,47880,51520,15026.3,12294.3,13615.7,920500,878360
NIFTY25DECFUT,NIFTY,2025-12-30,75,12683010,2025-12-30 10:16:54.410729,2025-12-30 10:16:56,25957.6,25960.0,25960.0,0,25966.0,25880.1,25957.2,5,5,1469025,7288425,75,114750,302625,28552.9,23361.5,25919.27,7395750,7288425
360ONE25DECFUT,360ONE,2025-12-30,500,12683522,2025-12-30 10:16:54.410729,2025-12-30 10:16:03,1178.7,1179.9,1179.9,0,1188.9,1171.2,1172.1,5,5,138500,438500,500,97000,77500,1289.3,1054.9,1178.59,461000,434500
ABB25DECFUT,ABB,2025-12-30,125,12684290,2025-12-30 10:16:54.410729,2025-12-30 10:16:45,5133.0,5135.0,5131.5,0,5173.0,5128.5,5166.0,5,5,49500,379250,125,26750,34250,5682.5,4649.5,5140.47,406875,379250
ABCAPITAL25DECFUT,ABCAPITAL,2025-12-30,3100,12686594,2025-12-30 10:16:54.410729,2025-12-30 10:16:30,348.0,348.15,348.1,0,348.5,346.25,346.9,5,5,1748400,5797000,3100,747100,985800,381.55,312.25,347.69,6004700,5797000
ADANIENSOL25DECFUT,ADANIENSOL,2025-12-30,675,12687874,2025-12-30 10:16:54.410729,2025-12-30 10:16:32,1003.45,1004.0,1004.0,0,1004.95,996.4,998.2,5,5,311850,1244700,675,141750,137700,1098.0,898.4,1000.89,1289250,1244700
ADANIENT25DECFUT,ADANIENT,2025-12-30,309,12688130,2025-12-30 10:16:54.410729,2025-12-30 10:16:55,2201.9,2203.0,2202.1,0,2209.7,2196.5,2205.0,5,5,1233219,5154120,309,114330,161298,2425.5,1984.5,2202.62,5550567,5154120
ADANIGREEN25DECFUT,ADANIGREEN,2025-12-30,600,12688898,2025-12-30 10:16:54.410729,2025-12-30 10:16:54,1005.6,1006.2,1006.1,0,1006.4,996.6,1002.8,5,5,2103000,4755000,600,186600,193200,1103.0,902.6,1003.12,5103600,4755000
ADANIPORTS25DECFUT,ADANIPORTS,2025-12-30,475,12689666,2025-12-30 10:16:54.410729,2025-12-30 10:16:54,1461.0,1461.6,1461.0,0,1462.3,1446.4,1455.1,5,5,1146175,3842275,475,146300,150575,1600.6,1309.6,1458.75,3926350,3813775
ALKEM25DECFUT,ALKEM,2025-12-30,125,12690178,2025-12-30 10:16:54.410729,2025-12-30 10:16:40,5446.5,5448.5,5446.5,0,5480.5,5402.0,5501.5,5,5,43500,134125,125,22875,21250,6051.5,4951.5,5461.88,134125,129500
AMBER25DECFUT,AMBER,2025-12-30,100,12691714,2025-12-30 10:16:54.410729,2025-12-30 10:16:55,6458.0,6461.5,6460.0,0,6530.5,6434.0,6514.5,5,5,71400,255600,100,21000,23700,7165.5,5863.5,6467.14,277300,255600
AMBUJACEM25DECFUT,AMBUJACEM,2025-12-30,1050,12692482,2025-12-30 10:16:54.410729,2025-12-30 10:16:42,551.8,552.0,551.8,0,552.3,549.25,551.85,5,5,1517250,8545950,1050,274050,392700,607.0,496.7,550.79,8625750,8540700
ANGELONE25DECFUT,ANGELONE,2025-12-30,250,12692738,2025-12-30 10:16:54.410729,2025-12-30 10:16:46,2358.1,2358.9,2358.0,0,2416.0,2348.4,2417.5,5,5,321000,596000,250,54000,75750,2659.2,2175.8,2378.23,632500,596000
APLAPOLLO25DECFUT,APLAPOLLO,2025-12-30,350,12693250,2025-12-30 10:16:54.410729,2025-12-30 10:16:44,1884.1,1886.4,1884.3,0,1888.5,1877.1,1890.6,5,5,87850,532000,350,81200,58450,2079.6,1701.6,1883.39,556850,532000
APOLLOHOSP25DECFUT,APOLLOHOSP,2025-12-30,125,12693506,2025-12-30 10:16:54.410729,2025-12-30 10:16:05,7031.5,7035.0,7034.5,0,7040.0,7008.5,7070.0,5,5,118000,623250,125,27750,34375,7777.0,6363.0,7025.82,623250,601500
ASHOKLEY25DECFUT,ASHOKLEY,2025-12-30,5000,12694530,2025-12-30 10:16:54.410729,2025-12-30 10:16:04,176.58,176.67,176.7,0,177.2,174.32,175.2,5,5,7345000,19520000,5000,1885000,1375000,192.72,157.68,175.66,21100000,19520000
ASIANPAINT25DECFUT,ASIANPAINT,2025-12-30,250,12694786,2025-12-30 10:16:54.410729,2025-12-30 10:16:46,2774.2,2775.7,2774.6,0,2782.8,2750.0,2775.2,5,5,719000,2563750,250,78750,65500,3052.7,2497.7,2761.79,2615000,2214500
ASTRAL25DECFUT,ASTRAL,2025-12-30,425,12695042,2025-12-30 10:16:54.410729,2025-12-30 10:16:43,1358.5,1359.5,1359.4,0,1375.7,1355.3,1375.2,5,5,325125,1660050,425,74800,96900,1512.7,1237.7,1360.44,1704675,1572075
AUBANK25DECFUT,AUBANK,2025-12-30,1000,12695298,2025-12-30 10:16:54.410729,2025-12-30 10:16:40,989.45,989.9,989.95,0,992.5,980.95,985.75,5,5,727000,2526000,1000,343000,200000,1084.3,887.2,985.74,2897000,2526000
AUROPHARMA25DECFUT,AUROPHARMA,2025-12-30,550,12696834,2025-12-30 10:16:54.410729,2025-12-30 10:16:35,1187.4,1188.2,1187.2,0,1209.6,1186.6,1201.6,5,5,831600,2773100,550,127600,354200,1321.7,1081.5,1195.27,2773100,2745600
AXISBANK25DECFUT,AXISBANK,2025-12-30,625,12697090,2025-12-30 10:16:54.410729,2025-12-30 10:16:52,1239.7,1239.9,1239.7,0,1239.9,1222.0,1231.2,5,5,1466875,8249375,625,248750,214375,1354.3,1108.1,1234.76,8289375,8243125
BAJAJ-AUTO25DECFUT,BAJAJ-AUTO,2025-12-30,75,12698114,2025-12-30 10:16:54.410729,2025-12-30 10:16:50,9171.5,9175.0,9176.5,0,9196.5,9010.0,9078.5,5,5,98325,220425,75,31425,22425,9986.0,8171.0,9108.15,279300,220425
BAJAJFINSV25DECFUT,BAJAJFINSV,2025-12-30,250,12700418,2025-12-30 10:16:54.410729,2025-12-30 10:16:47,1988.9,1989.9,1989.8,0,2014.9,1988.0,2006.9,5,5,343500,2149750,250,73750,109000,2207.5,1806.3,1996.49,2172250,2123250
BAJFINANCE25DECFUT,BAJFINANCE,2025-12-30,750,12700674,2025-12-30 10:16:54.410729,2025-12-30 10:16:37,991.3,991.7,991.3,0,996.5,990.8,995.1,5,5,2259750,9591000,750,253500,336750,1094.6,895.6,993.17,9866250,9294000
BANDHANBNK25DECFUT,BANDHANBNK,2025-12-30,3600,12700930,2025-12-30 10:16:54.410729,2025-12-30 10:16:29,146.16,146.24,146.23,0,146.34,145.2,146.13,5,5,4935600,23716800,3600,943200,1677600,160.74,131.52,145.65,23958000,23716800
BANKBARODA25DECFUT,BANKBARODA,2025-12-30,2925,12701698,2025-12-30 10:16:54.410729,2025-12-30 10:16:41,288.35,288.55,288.4,0,288.6,285.6,288.0,5,5,2582775,22089600,2925,848250,707850,316.8,259.2,286.94,22089600,21756150
BANKINDIA25DECFUT,BANKINDIA,2025-12-30,5200,12702978,2025-12-30 10:16:54.410729,2025-12-30 10:16:42,139.89,139.95,139.95,0,139.95,137.95,139.63,5,5,3099200,12381200,5200,1352000,1253200,153.59,125.67,138.82,12500800,12303200
BDL25DECFUT,BDL,2025-12-30,325,12703746,2025-12-30 10:16:54.410729,2025-12-30 10:16:19,1458.1,1459.0,1457.8,0,1486.2,1452.8,1474.2,5,5,241800,1079000,325,82225,128700,1621.6,1326.8,1463.2,1169675,1079000
BEL25DECFUT,BEL,2025-12-30,1425,12704002,2025-12-30 10:16:54.410729,2025-12-30 10:16:31,393.55,393.6,393.6,0,396.0,392.2,393.35,5,5,4267875,24584100,1425,679725,1540425,432.65,354.05,393.89,24715200,24508575
BHARATFORG25DECFUT,BHARATFORG,2025-12-30,500,12704258,2025-12-30 10:16:54.410729,2025-12-30 10:16:30,1454.4,1455.3,1455.0,0,1456.8,1442.8,1447.4,5,5,255000,2152000,500,137500,102000,1592.1,1302.7,1453.1,2172500,2151000
BHARTIARTL25DECFUT,BHARTIARTL,2025-12-30,475,12705026,2025-12-30 10:16:54.410729,2025-12-30 10:16:24,2092.7,2093.4,2092.8,0,2096.5,2072.3,2082.2,5,5,1375600,5312875,475,173375,175275,2290.4,1874.0,2087.68,5368450,5312875
BHEL25DECFUT,BHEL,2025-12-30,2625,12706050,2025-12-30 10:16:54.410729,2025-12-30 10:16:41,277.05,277.25,277.45,0,278.45,276.4,279.35,5,5,2730000,11662875,2625,643125,824250,307.25,251.45,277.37,11967375,11657625
BIOCON25DECFUT,BIOCON,2025-12-30,2500,12706306,2025-12-30 10:16:54.410729,2025-12-30 10:16:25,390.9,391.0,391.05,0,391.85,389.65,390.8,5,5,2772500,11987500,2500,585000,705000,429.85,351.75,390.83,12017500,11027500
BLUESTARCO25DECFUT,BLUESTARCO,2025-12-30,325,12707330,2025-12-30 10:16:54.410729,2025-12-30 10:16:40,1724.7,1725.9,1725.5,0,1738.7,1714.0,1733.9,5,5,45175,570050,325,62075,49725,1907.2,1560.6,1720.37,583700,570050
BOSCHLTD25DECFUT,BOSCHLTD,2025-12-30,25,12707586,2025-12-30 10:16:54.410729,2025-12-30 10:15:57,35580.0,35605.0,35575.0,0,35720.0,35325.0,35605.0,5,5,8650,29325,25,5275,4975,39165.0,32045.0,35531.17,29450,28350
BPCL25DECFUT,BPCL,2025-12-30,1975,12708866,2025-12-30 10:16:54.410729,2025-12-30 10:16:40,371.35,371.5,371.4,0,371.8,369.65,371.3,5,5,734700,7971100,1975,519425,424625,408.4,334.2,370.49,8233775,7971100
BRITANNIA25DECFUT,BRITANNIA,2025-12-30,125,12709634,2025-12-30 10:16:54.410729,2025-12-30 10:15:37,6032.0,6035.5,6029.0,0,6035.0,6000.5,6033.5,5,5,20625,204625,125,31000,23750,6636.5,5430.5,6021.5,204625,198375
BSE25DECFUT,BSE,2025-12-30,375,12710402,2025-12-30 10:16:54.410729,2025-12-30 10:16:56,2607.1,2607.7,2607.2,0,2628.6,2601.5,2628.0,5,5,663375,2551125,375,103875,177375,2890.8,2365.2,2614.22,2604375,2546250
CAMS25DECFUT,CAMS,2025-12-30,750,12710658,2025-12-30 10:16:54.410729,2025-12-30 10:16:26,734.6,735.0,734.6,0,739.2,733.0,739.7,5,5,717000,2259750,750,162000,166500,813.6,665.8,735.01,2302500,2177250
CANBK25DECFUT,CANBK,2025-12-30,6750,12710914,2025-12-30 10:16:54.410729,2025-12-30 10:16:55,152.16,152.2,152.2,0,152.39,148.91,150.74,5,5,10455750,22295250,6750,3267000,1167750,165.81,135.67,150.26,23267250,22011750
CDSL25DECFUT,CDSL,2025-12-30,475,12712194,2025-12-30 10:16:54.410729,2025-12-30 10:16:46,1444.2,1444.7,1444.3,0,1463.4,1440.6,1463.4,5,5,776625,2599675,475,100700,198075,1609.7,1317.1,1447.97,2968275,2599675
CGPOWER25DECFUT,CGPOWER,2025-12-30,850,12713218,2025-12-30 10:16:54.410729,2025-12-30 10:16:33,647.05,647.4,647.25,0,648.0,643.45,647.85,5,5,528700,3097400,850,192950,256700,712.6,583.1,645.5,3140750,3096550
CHOLAFIN25DECFUT,CHOLAFIN,2025-12-30,625,12713474,2025-12-30 10:16:54.410729,2025-12-30 10:16:29,1695.4,1696.7,1696.5,0,1706.8,1690.0,1699.6,5,5,750625,4446250,625,185625,117500,1869.5,1529.7,1693.03,4463750,4251875
CIPLA25DECFUT,CIPLA,2025-12-30,375,12713730,2025-12-30 10:16:54.410729,2025-12-30 10:16:11,1485.2,1486.3,1486.7,0,1493.6,1482.0,1491.6,5,5,360750,2413875,375,86625,139125,1640.7,1342.5,1485.66,2413875,2335875
COALINDIA25DECFUT,COALINDIA,2025-12-30,1350,12713986,2025-12-30 10:16:54.410729,2025-12-30 10:15:55,399.7,399.8,399.9,0,400.4,397.65,400.4,5,5,1846800,12584700,1350,403650,309150,440.4,360.4,399.21,12584700,12459150
COFORGE25DECFUT,COFORGE,2025-12-30,375,12716290,2025-12-30 10:16:54.410729,2025-12-30 10:16:41,1664.7,1665.5,1664.7,0,1677.7,1663.0,1685.7,5,5,524250,2631750,375,97875,162375,1854.2,1517.2,1669.67,2749875,2631750
COLPAL25DECFUT,COLPAL,2025-12-30,225,12716546,2025-12-30 10:16:54.410729,2025-12-30 10:16:31,2062.0,2062.7,2062.0,0,2077.0,2059.3,2075.4,5,5,275625,1362600,225,48825,77850,2282.9,1867.9,2063.73,1475775,1362600
CONCOR25DECFUT,CONCOR,2025-12-30,1250,12716802,2025-12-30 10:16:54.410729,2025-12-30 10:16:39,521.65,521.85,521.85,0,521.75,516.7,519.2,5,5,1875000,9388750,1250,298750,547500,571.1,467.3,519.72,9395000,9375000
CROMPTON25DECFUT,CROMPTON,2025-12-30,1800,12717058,2025-12-30 10:16:54.410729,2025-12-30 10:16:33,253.7,253.85,253.75,0,254.8,252.7,255.3,5,5,3076200,9145800,1800,333000,630000,280.8,229.8,253.44,9221400,8956800
CUMMINSIND25DECFUT,CUMMINSIND,2025-12-30,200,12718082,2025-12-30 10:16:54.410729,2025-12-30 10:15:01,4375.5,4378.0,4376.1,0,4439.9,4367.7,4402.0,5,5,103800,264400,200,45800,30400,4842.2,3961.8,4379.52,288200,264400
CYIENT25DECFUT,CYIENT,2025-12-30,425,12719874,2025-12-30 10:16:54.410729,2025-12-30 10:16:40,1092.9,1095.0,1093.8,0,1109.9,1090.0,1103.8,5,5,203150,1030625,425,48875,120700,1214.1,993.5,1097.36,1039125,1028925
DABUR25DECFUT,DABUR,2025-12-30,1250,12720130,2025-12-30 10:16:54.410729,2025-12-30 10:16:45,490.25,490.55,490.5,0,490.5,487.1,489.4,5,5,825000,3860000,1250,276250,348750,538.3,440.5,488.84,3886250,3837500
DALBHARAT25DECFUT,DALBHARAT,2025-12-30,325,12720898,2025-12-30 10:16:54.410729,2025-12-30 10:12:20,2134.1,2136.4,2137.4,0,2147.4,2128.0,2155.9,5,5,47775,338325,325,69225,55250,2371.4,1940.4,2135.39,346450,337675
DELHIVERY25DECFUT,DELHIVERY,2025-12-30,2075,12721154,2025-12-30 10:16:54.410729,2025-12-30 10:16:48,406.1,406.25,406.25,0,406.25,404.0,405.4,5,5,711725,3909300,2075,473100,456500,445.9,364.9,405.31,3952875,3909300
DIVISLAB25DECFUT,DIVISLAB,2025-12-30,100,12721410,2025-12-30 10:16:54.410729,2025-12-30 10:16:39,6370.5,6375.0,6370.5,0,6399.0,6341.5,6379.5,5,5,53200,301900,100,23600,28200,7017.0,5742.0,6365.12,312400,301700
DIXON25DECFUT,DIXON,2025-12-30,50,12722178,2025-12-30 10:16:54.410729,2025-12-30 10:16:54,11869.0,11874.0,11869.0,0,12006.0,11743.0,11848.0,5,5,342950,783700,50,19100,36650,13032.0,10664.0,11868.38,799950,783700
DLF25DECFUT,DLF,2025-12-30,825,12722946,2025-12-30 10:16:54.410729,2025-12-30 10:16:27,686.2,686.4,686.35,0,686.6,682.2,687.65,5,5,2536875,12453375,825,305250,558525,756.4,618.9,685.07,12784200,12453375
DMART25DECFUT,DMART,2025-12-30,150,12723202,2025-12-30 10:16:54.410729,2025-12-30 10:16:39,3807.0,3808.5,3808.5,0,3818.9,3791.0,3788.7,5,5,182850,992250,150,32100,44100,4167.5,3409.9,3802.01,1046700,992250
DRREDDY25DECFUT,DRREDDY,2025-12-30,625,12724994,2025-12-30 10:16:54.410729,2025-12-30 10:16:29,1271.2,1272.1,1271.9,0,1274.7,1267.6,1268.6,5,5,277500,1385625,625,155625,123125,1395.4,1141.8,1271.41,1437500,1383750
EICHERMOT25DECFUT,EICHERMOT,2025-12-30,175,12726018,2025-12-30 10:16:54.410729,2025-12-30 10:15:20,7266.5,7268.5,7266.0,0,7277.5,7192.0,7255.0,5,5,170625,642600,175,57050,30450,7980.5,6529.5,7241.72,677950,642600
ETERNAL25DECFUT,ETERNAL,2025-12-30,2425,12726274,2025-12-30 10:16:54.410729,2025-12-30 10:16:35,277.75,277.8,277.7,0,281.1,276.65,282.25,5,5,12462075,44629700,2425,662025,1530175,310.45,254.05,278.35,45221400,44450250
EXIDEIND25DECFUT,EXIDEIND,2025-12-30,1800,12726530,2025-12-30 10:16:54.410729,2025-12-30 10:16:28,360.6,360.8,360.65,0,360.95,359.25,361.85,5,5,1746000,8458200,1800,403200,1146600,398.0,325.7,360.16,8611200,8458200
FEDERALBNK25DECFUT,FEDERALBNK,2025-12-30,5000,12726786,2025-12-30 10:16:54.410729,2025-12-30 10:16:17,264.3,264.45,264.45,0,264.4,262.1,262.75,5,5,3585000,11885000,5000,1675000,875000,289.0,236.5,263.07,12420000,11885000
FORTIS25DECFUT,FORTIS,2025-12-30,775,12729090,2025-12-30 10:16:54.410729,2025-12-30 10:16:09,884.7,885.0,885.0,0,886.75,876.3,884.1,5,5,495225,2266875,775,200725,205375,972.5,795.7,881.15,2307950,2266875
GAIL25DECFUT,GAIL,2025-12-30,3150,12729346,2025-12-30 10:16:54.410729,2025-12-30 10:16:16,170.64,170.68,170.66,0,170.82,169.32,170.56,5,5,4306050,23168250,3150,743400,1575000,187.62,153.5,170.48,23502150,23168250
GLENMARK25DECFUT,GLENMARK,2025-12-30,375,12729602,2025-12-30 10:16:54.410729,2025-12-30 10:16:23,2004.1,2005.5,2005.5,0,2010.8,1998.0,2008.3,5,5,507375,2169000,375,86250,121875,2209.1,1807.5,2003.33,2202000,2164500
GMRAIRPORT25DECFUT,GMRAIRPORT,2025-12-30,6975,12729858,2025-12-30 10:16:54.410729,2025-12-30 10:15:58,101.79,101.87,101.71,0,102.01,101.17,102.09,5,5,6423975,35293500,6975,1785600,2692350,112.3,91.88,101.46,35293500,34491375
GODREJCP25DECFUT,GODREJCP,2025-12-30,500,12730370,2025-12-30 10:16:54.410729,2025-12-30 10:16:07,1205.4,1205.5,1205.5,0,1205.5,1200.0,1205.0,5,5,146000,854000,500,113000,80500,1325.5,1084.5,1202.49,866500,854000
GODREJPROP25DECFUT,GODREJPROP,2025-12-30,275,12730626,2025-12-30 10:16:54.410729,2025-12-30 10:16:55,1984.0,1984.9,1984.8,0,1989.4,1980.3,1996.4,5,5,498025,2035275,275,62700,103950,2196.0,1796.8,1983.88,2043525,2035275
GRASIM25DECFUT,GRASIM,2025-12-30,250,12730882,2025-12-30 10:16:54.410729,2025-12-30 10:16:16,2844.8,2845.0,2845.0,0,2852.8,2838.3,2838.8,5,5,496750,2613000,250,65500,78750,3122.6,2555.0,2844.75,2640000,2613000
HAL25DECFUT,HAL,2025-12-30,150,12733698,2025-12-30 10:16:54.410729,2025-12-30 10:16:39,4361.1,4361.9,4361.6,0,4378.6,4262.2,4372.0,5,5,559050,3501900,150,49500,112050,4809.2,3934.8,4356.71,3512400,3501900
HAVELLS25DECFUT,HAVELLS,2025-12-30,500,12733954,2025-12-30 10:16:54.410729,2025-12-30 10:16:39,1408.6,1409.3,1408.5,0,1414.9,1404.3,1414.6,5,5,383000,1708500,500,101500,131500,1556.0,1273.2,1407.5,1708500,1615500
HCLTECH25DECFUT,HCLTECH,2025-12-30,350,12734210,2025-12-30 10:16:54.410729,2025-12-30 10:16:12,1629.8,1630.4,1630.4,0,1633.0,1622.3,1631.4,5,5,409150,3388700,350,123200,77350,1794.5,1468.3,1627.28,3388700,3335150
HDFCAMC25DECFUT,HDFCAMC,2025-12-30,300,12734466,2025-12-30 10:16:54.410729,2025-12-30 10:16:40,2632.4,2633.0,2633.0,0,2654.5,2629.4,2649.2,5,5,153600,1079100,300,69300,69000,2914.1,2384.3,2639.67,1082700,1071300
HDFCBANK25DECFUT,HDFCBANK,2025-12-30,550,12738306,2025-12-30 10:16:54.410729,2025-12-30 10:16:53,987.8,987.9,987.9,0,994.7,986.4,990.7,5,5,6075850,33373450,1650,281050,389950,1089.7,891.7,988.41,34759450,32486850
HDFCLIFE25DECFUT,HDFCLIFE,2025-12-30,1100,12738562,2025-12-30 10:16:54.410729,2025-12-30 10:16:33,744.9,745.2,744.95,0,750.2,744.05,746.75,5,5,1007600,3495800,1100,238700,264000,821.4,672.1,745.96,3495800,3392400
HEROMOTOCO25DECFUT,HEROMOTOCO,2025-12-30,150,12741890,2025-12-30 10:16:54.410729,2025-12-30 10:16:56,5672.0,5676.0,5674.5,0,5684.5,5569.0,5572.5,5,5,240150,795150,150,55200,54450,6129.5,5015.5,5639.73,796200,784800
HFCL25DECFUT,HFCL,2025-12-30,6450,12742658,2025-12-30 10:16:54.410729,2025-12-30 10:16:42,64.19,64.27,64.22,0,66.44,63.73,64.92,5,5,12629100,60713850,6450,1186800,6862800,71.41,58.43,64.67,61416900,60688050
HINDALCO25DECFUT,HINDALCO,2025-12-30,700,12749570,2025-12-30 10:16:54.410729,2025-12-30 10:16:41,873.65,874.0,873.8,0,874.25,862.4,862.65,5,5,2002000,8632400,700,338800,259000,948.9,776.4,869.75,8740200,8594600
HINDPETRO25DECFUT,HINDPETRO,2025-12-30,2025,12749826,2025-12-30 10:16:54.410729,2025-12-30 10:16:26,475.95,476.25,476.15,0,476.35,473.7,474.65,5,5,1160325,5530275,2025,459675,413100,522.1,427.2,474.97,5611275,5530275
HINDUNILVR25DECFUT,HINDUNILVR,2025-12-30,300,12750082,2025-12-30 10:16:54.410729,2025-12-30 10:16:17,2292.0,2292.3,2292.0,0,2292.0,2281.0,2292.2,5,5,222000,1197000,300,87000,82500,2521.4,2063.0,2286.25,1220400,1197000
HINDZINC25DECFUT,HINDZINC,2025-12-30,1225,12751106,2025-12-30 10:16:54.410729,2025-12-30 10:16:48,623.7,624.0,623.95,0,625.15,614.0,619.0,5,5,2496550,7809375,1225,570850,383425,680.9,557.1,620.72,7809375,7613375
HUDCO25DECFUT,HUDCO,2025-12-30,2775,12751362,2025-12-30 10:16:54.410729,2025-12-30 10:16:05,225.82,225.94,225.93,0,228.9,225.07,226.78,5,5,2608500,8319450,2775,510600,871350,249.46,204.1,226.25,8424900,8294475
ICICIBANK25DECFUT,ICICIBANK,2025-12-30,700,12751874,2025-12-30 10:16:54.410729,2025-12-30 10:16:26,1343.0,1343.3,1343.6,0,1345.4,1340.6,1343.9,5,5,4187400,22050700,700,270200,413000,1478.2,1209.6,1343.23,22821400,22050700
ICICIGI25DECFUT,ICICIGI,2025-12-30,325,12752130,2025-12-30 10:16:54.410729,2025-12-30 10:15:29,1935.1,1935.5,1935.2,0,1944.2,1930.1,1937.7,5,5,196625,774150,325,67275,62075,2131.4,1744.0,1933.53,774150,769275
ICICIPRULI25DECFUT,ICICIPRULI,2025-12-30,925,12752386,2025-12-30 10:16:54.410729,2025-12-30 10:15:02,651.6,652.4,652.2,0,653.1,648.9,650.25,5,5,234025,1572500,925,210900,185000,715.25,585.25,651.99,1579900,1568800
IDEA25DECFUT,IDEA,2025-12-30,71475,12753154,2025-12-30 10:16:54.410729,2025-12-30 10:15:59,11.98,11.99,11.99,0,12.03,11.93,11.97,5,5,353086500,1447726125,71475,25230675,55821975,13.17,10.77,11.96,1453872975,1437290775
IDFCFIRSTB25DECFUT,IDFCFIRSTB,2025-12-30,9275,12754434,2025-12-30 10:16:54.410729,2025-12-30 10:16:28,84.41,84.45,84.41,0,84.46,83.5,84.61,5,5,15582000,59582600,9275,2476425,3153500,93.07,76.15,83.95,60834725,59332175
IEX25DECFUT,IEX,2025-12-30,3750,12755202,2025-12-30 10:16:54.410729,2025-12-30 10:15:44,132.67,132.77,133.01,0,133.53,132.32,133.61,5,5,2700000,13533750,3750,791250,768750,146.97,120.25,132.71,13668750,13466250
IIFL25DECFUT,IIFL,2025-12-30,1650,12755458,2025-12-30 10:16:54.410729,2025-12-30 10:12:07,593.2,593.55,593.65,0,594.3,590.25,593.15,5,5,495000,1866150,1650,369600,254100,652.45,533.85,592.13,1882650,1852950
INDHOTEL25DECFUT,INDHOTEL,2025-12-30,1000,12755714,2025-12-30 10:16:54.410729,2025-12-30 10:16:17,731.15,731.65,731.75,0,741.0,729.15,740.85,5,5,707000,4022000,1000,214000,330000,814.9,666.8,732.25,4022000,3938000
INDIANB25DECFUT,INDIANB,2025-12-30,1000,12755970,2025-12-30 10:16:54.410729,2025-12-30 10:16:10,790.65,791.05,791.35,0,791.0,778.8,785.2,5,5,398000,2592000,1000,280000,235000,863.7,706.7,785.06,2648000,2592000
INDIGO25DECFUT,INDIGO,2025-12-30,150,12756226,2025-12-30 10:16:54.410729,2025-12-30 10:16:26,5022.5,5025.0,5022.5,0,5072.0,5010.0,5080.5,5,5,546600,3556950,150,63450,91650,5588.5,4572.5,5034.33,3649350,3554700
INDUSINDBK25DECFUT,INDUSINDBK,2025-12-30,700,12756482,2025-12-30 10:16:54.410729,2025-12-30 10:16:14,838.95,839.25,839.45,0,841.35,833.6,838.0,5,5,2282700,7803600,700,273000,370300,921.8,754.2,839.18,7803600,7646800
INDUSTOWER25DECFUT,INDUSTOWER,2025-12-30,1700,12758274,2025-12-30 10:16:54.410729,2025-12-30 10:16:18,422.15,422.4,422.4,0,422.4,419.35,420.85,5,5,2352800,10055500,1700,632400,462400,462.9,378.8,420.66,10058900,9989200
INFY25DECFUT,INFY,2025-12-30,400,12759042,2025-12-30 10:16:54.410729,2025-12-30 10:16:26,1636.6,1637.0,1636.6,0,1642.5,1636.0,1646.8,5,5,1140400,15948800,400,186800,212800,1811.4,1482.2,1638.04,16072400,15909600
INOXWIND25DECFUT,INOXWIND,2025-12-30,3272,12761346,2025-12-30 10:16:54.410729,2025-12-30 10:16:52,123.26,123.3,123.3,0,125.0,122.99,124.62,5,5,4695320,21048776,3272,971784,1498576,137.08,112.16,123.83,21389064,21042232
IOC25DECFUT,IOC,2025-12-30,4875,12761602,2025-12-30 10:16:54.410729,2025-12-30 10:16:06,162.26,162.33,162.27,0,162.35,161.67,162.11,5,5,2934750,14381250,4875,1111500,1394250,178.32,145.9,162.0,14425125,14278875
IRCTC25DECFUT,IRCTC,2025-12-30,875,12761858,2025-12-30 10:16:54.410729,2025-12-30 10:16:28,685.2,685.4,685.3,0,697.8,656.2,699.5,5,5,1203125,2764125,875,278250,344750,769.45,629.55,687.11,3080875,2764125
IREDA25DECFUT,IREDA,2025-12-30,3450,12762114,2025-12-30 10:16:54.410729,2025-12-30 10:16:27,136.85,136.95,136.94,0,138.53,136.72,138.63,5,5,2397750,6748200,3450,610650,948750,152.49,124.77,137.36,7783200,6748200
IRFC25DECFUT,IRFC,2025-12-30,4250,12762370,2025-12-30 10:16:54.410729,2025-12-30 10:16:51,124.4,124.46,124.44,0,126.54,124.05,126.07,5,5,3238500,7174000,4250,828750,1028500,138.68,113.46,124.72,7356750,7101750
ITC25DECFUT,ITC,2025-12-30,1600,12763650,2025-12-30 10:16:54.410729,2025-12-30 10:16:02,402.6,402.7,402.65,0,402.75,400.4,402.75,5,5,4068800,26875200,1600,544000,896000,443.0,362.5,402.16,26875200,26273600
JINDALSTEL25DECFUT,JINDALSTEL,2025-12-30,625,12763906,2025-12-30 10:16:54.410729,2025-12-30 10:16:50,1007.2,1007.9,1008.0,0,1009.5,986.1,991.8,5,5,1214375,3150000,625,191250,188750,1090.9,892.7,995.81,3195625,3123750
JIOFIN25DECFUT,JIOFIN,2025-12-30,2350,12764162,2025-12-30 10:16:54.410729,2025-12-30 10:16:43,292.55,292.7,292.8,0,293.7,290.0,293.65,5,5,8711450,31682700,2350,672100,1536900,323.0,264.3,292.15,31971750,31628650
JSWENERGY25DECFUT,JSWENERGY,2025-12-30,1000,12764418,2025-12-30 10:16:54.410729,2025-12-30 10:16:00,472.8,472.95,473.3,0,473.1,468.7,470.35,5,5,944000,7513000,1000,252000,297000,517.35,423.35,470.95,7540000,7507000
JSWSTEEL25DECFUT,JSWSTEEL,2025-12-30,675,12764674,2025-12-30 10:16:54.410729,2025-12-30 10:16:27,1098.3,1098.8,1098.8,0,1098.8,1089.5,1093.5,5,5,803925,4399650,675,226125,234900,1202.8,984.2,1094.32,4502925,4399650
JUBLFOOD25DECFUT,JUBLFOOD,2025-12-30,1250,12764930,2025-12-30 10:16:54.410729,2025-12-30 10:16:56,572.05,572.35,572.3,0,579.25,558.0,563.5,5,5,5397500,6076250,1250,232500,286250,619.85,507.15,564.27,6325000,4392500
KALYANKJIL25DECFUT,KALYANKJIL,2025-12-30,1175,12765698,2025-12-30 10:16:54.410729,2025-12-30 10:16:42,482.95,483.2,483.0,0,486.15,481.85,485.45,5,5,786075,2990375,1175,247925,298450,534.0,436.95,483.46,2990375,2815300
KAYNES25DECFUT,KAYNES,2025-12-30,100,12765954,2025-12-30 10:16:54.410729,2025-12-30 10:16:49,3965.5,3967.0,3965.5,0,4000.0,3941.0,3991.5,5,5,225600,1090600,100,23700,52200,4390.5,3592.5,3975.33,1131200,1090600
KEI25DECFUT,KEI,2025-12-30,175,12766722,2025-12-30 10:16:54.410729,2025-12-30 10:16:42,4401.4,4403.0,4401.5,0,4422.9,4352.0,4394.2,5,5,22050,303800,175,35000,25375,4833.6,3954.8,4397.1,309750,303800
KFINTECH25DECFUT,KFINTECH,2025-12-30,450,12766978,2025-12-30 10:16:54.410729,2025-12-30 10:16:30,1090.0,1090.7,1090.9,0,1098.8,1089.8,1094.0,5,5,164700,652950,450,98550,184500,1203.4,984.6,1093.13,653400,621000
KOTAKBANK25DECFUT,KOTAKBANK,2025-12-30,400,12767234,2025-12-30 10:16:54.410729,2025-12-30 10:16:12,2146.5,2147.0,2146.5,0,2159.8,2144.3,2156.0,5,5,1265600,5976800,400,128800,177200,2371.6,1940.4,2148.11,5976800,5658800
KPITTECH25DECFUT,KPITTECH,2025-12-30,400,12776962,2025-12-30 10:16:54.410729,2025-12-30 10:16:06,1180.6,1181.9,1180.6,0,1195.7,1120.1,1191.4,5,5,176800,602400,400,80000,94000,1310.5,1072.3,1181.03,629200,599600
LAURUSLABS25DECFUT,LAURUSLABS,2025-12-30,850,12777218,2025-12-30 10:16:54.410729,2025-12-30 10:16:06,1080.0,1080.6,1080.7,0,1085.1,1077.9,1082.2,5,5,543150,3276750,850,244800,193800,1190.4,974.0,1080.85,3463750,3276750
LICHSGFIN25DECFUT,LICHSGFIN,2025-12-30,1000,12777474,2025-12-30 10:16:54.410729,2025-12-30 10:16:25,537.3,537.55,537.3,0,537.55,535.2,538.05,5,5,1585000,9651000,1000,259000,437000,591.85,484.25,536.53,9662000,9621000
LICI25DECFUT,LICI,2025-12-30,700,12777730,2025-12-30 10:16:54.410729,2025-12-30 10:15:41,841.4,841.9,841.8,0,841.95,835.35,841.45,5,5,879200,3689700,700,142100,271600,925.6,757.35,840.38,3722600,3682000
LODHA25DECFUT,LODHA,2025-12-30,450,12777986,2025-12-30 10:16:54.410729,2025-12-30 10:15:55,1064.4,1064.9,1065.0,0,1065.7,1054.7,1065.9,5,5,364500,1871100,450,116550,126900,1172.4,959.4,1059.3,1881900,1871100
LT25DECFUT,LT,2025-12-30,175,12778242,2025-12-30 10:16:54.410729,2025-12-30 10:16:55,4035.9,4037.0,4037.0,0,4042.2,4006.7,4039.8,5,5,394800,2198875,175,71925,120750,4443.7,3635.9,4023.76,2260125,2198875
LTF25DECFUT,LTF,2025-12-30,4462,12778498,2025-12-30 10:16:54.410729,2025-12-30 10:15:56,300.3,300.55,300.65,0,301.45,298.1,299.65,5,5,1717870,9410358,4462,1088728,981640,329.6,269.7,299.77,9838710,9410358
LTIM25DECFUT,LTIM,2025-12-30,150,12779266,2025-12-30 10:16:54.410729,2025-12-30 10:16:17,6062.0,6066.5,6065.0,0,6065.0,6024.0,6041.0,5,5,37950,189000,150,35700,26850,6645.0,5437.0,6050.1,203100,189000
LUPIN25DECFUT,LUPIN,2025-12-30,425,12779522,2025-12-30 10:16:54.410729,2025-12-30 10:14:54,2084.7,2085.8,2085.0,0,2094.3,2080.8,2078.9,5,5,382075,2493900,425,102000,119425,2286.7,1871.1,2084.37,2517700,2493475
M&M25DECFUT,M&M,2025-12-30,200,12779778,2025-12-30 10:16:54.410729,2025-12-30 10:16:48,3643.6,3645.0,3644.9,0,3645.0,3577.1,3594.9,5,5,590800,2291800,200,87200,73600,3954.3,3235.5,3614.37,2350400,2267600
MANAPPURAM25DECFUT,MANAPPURAM,2025-12-30,3000,12780034,2025-12-30 10:16:54.410729,2025-12-30 10:15:40,309.65,309.9,310.05,0,310.2,305.6,310.4,5,5,2151000,5784000,3000,711000,537000,341.4,279.4,309.52,5895000,5784000
MANKIND25DECFUT,MANKIND,2025-12-30,225,12780290,2025-12-30 10:16:54.410729,2025-12-30 10:14:50,2165.0,2165.4,2165.0,0,2169.3,2156.5,2178.1,5,5,76275,475425,225,42525,46800,2395.9,1960.3,2161.53,475425,473625
MARICO25DECFUT,MARICO,2025-12-30,1200,12780546,2025-12-30 10:16:54.410729,2025-12-30 10:14:40,751.05,751.4,751.05,0,753.15,747.55,751.65,5,5,488400,2169600,1200,255600,198000,826.8,676.5,750.4,2169600,1957200
MARUTI25DECFUT,MARUTI,2025-12-30,50,12781314,2025-12-30 10:16:54.410729,2025-12-30 10:16:17,16609.0,16612.0,16610.0,0,16660.0,16430.0,16533.0,5,5,100350,558050,50,22150,15700,18186.0,14880.0,16560.67,575650,558050
MAXHEALTH25DECFUT,MAXHEALTH,2025-12-30,525,12781570,2025-12-30 10:16:54.410729,2025-12-30 10:16:01,1056.0,1056.8,1056.0,0,1062.3,1053.3,1063.4,5,5,1051050,3945375,525,139125,140700,1169.7,957.1,1056.94,3945375,3783675
MAZDOCK25DECFUT,MAZDOCK,2025-12-30,175,12781826,2025-12-30 10:16:54.410729,2025-12-30 10:16:53,2492.3,2494.4,2495.0,0,2542.7,2474.9,2534.0,5,5,365400,1069600,175,56000,75425,2787.4,2280.6,2492.54,1093750,1069600
MCX25DECFUT,MCX,2025-12-30,125,12782082,2025-12-30 10:16:54.410729,2025-12-30 10:16:28,10970.0,10975.0,10977.0,0,10972.0,10820.0,10920.0,5,5,141500,381000,125,50500,28000,12012.0,9828.0,10895.27,403375,379875
MFSL25DECFUT,MFSL,2025-12-30,400,12782338,2025-12-30 10:16:54.410729,2025-12-30 10:16:32,1655.7,1657.0,1656.0,0,1662.3,1640.0,1652.6,5,5,102000,776800,400,86400,70800,1817.8,1487.4,1654.62,799200,772000
MOTHERSON25DECFUT,MOTHERSON,2025-12-30,6150,12782594,2025-12-30 10:16:54.410729,2025-12-30 10:16:10,119.93,119.99,119.96,0,120.0,119.0,119.52,5,5,5215200,56303250,6150,1432950,1494450,131.47,107.57,119.65,56303250,54698100
MPHASIS25DECFUT,MPHASIS,2025-12-30,275,12782850,2025-12-30 10:16:54.410729,2025-12-30 10:16:14,2792.6,2793.7,2792.5,0,2801.9,2785.3,2804.4,5,5,123750,968825,275,51425,51700,3084.8,2524.0,2795.77,971025,968825
MUTHOOTFIN25DECFUT,MUTHOOTFIN,2025-12-30,275,12783618,2025-12-30 10:16:54.410729,2025-12-30 10:15:33,3736.2,3738.6,3737.0,0,3738.8,3697.0,3731.6,5,5,186175,1196525,275,86900,48125,4104.7,3358.5,3719.88,1243825,1192950
NATIONALUM25DECFUT,NATIONALUM,2025-12-30,3750,12783874,2025-12-30 10:16:54.410729,2025-12-30 10:16:34,306.7,306.9,306.85,0,306.85,300.1,301.1,5,5,1788750,9727500,3750,1087500,948750,331.2,271.0,304.0,10027500,9727500
NAUKRI25DECFUT,NAUKRI,2025-12-30,375,12784130,2025-12-30 10:16:54.410729,2025-12-30 10:16:25,1342.1,1342.9,1342.9,0,1359.6,1341.9,1358.4,5,5,84750,496125,375,72375,86250,1494.2,1222.6,1346.03,501000,495000
NBCC25DECFUT,NBCC,2025-12-30,6500,12784898,2025-12-30 10:16:54.410729,2025-12-30 10:16:53,121.6,121.65,121.6,0,121.84,120.88,121.98,5,5,3828500,15587000,6500,1553500,1150500,134.18,109.78,121.25,15782000,15587000
NCC25DECFUT,NCC,2025-12-30,2700,12785154,2025-12-30 10:16:54.410729,2025-12-30 10:16:51,156.76,156.93,156.9,0,159.45,156.11,160.02,5,5,1493100,11350800,2700,383400,1042200,176.02,144.02,157.23,11448000,11350800
NESTLEIND25DECFUT,NESTLEIND,2025-12-30,500,12785410,2025-12-30 10:16:54.410729,2025-12-30 10:16:15,1280.6,1281.1,1280.9,0,1281.9,1271.4,1278.0,5,5,399000,1493500,500,125000,111500,1405.8,1150.2,1278.02,1493500,1364500
NHPC25DECFUT,NHPC,2025-12-30,6400,12785666,2025-12-30 10:16:54.410729,2025-12-30 10:16:28,77.11,77.14,77.13,0,77.28,76.76,76.76,5,5,7724800,18988800,6400,1171200,1670400,84.44,69.08,77.0,19104000,16480000
NMDC25DECFUT,NMDC,2025-12-30,6750,12785922,2025-12-30 10:16:54.410729,2025-12-30 10:16:43,82.11,82.17,82.13,0,82.19,80.95,80.94,5,5,15032250,39926250,6750,1586250,1518750,89.03,72.85,81.66,40851000,39926250
NTPC25DECFUT,NTPC,2025-12-30,1500,12786178,2025-12-30 10:16:54.410729,2025-12-30 10:15:59,324.9,324.95,324.95,0,325.25,323.75,324.95,5,5,2545500,21640500,1500,459000,616500,357.45,292.5,324.75,21892500,21105000
NUVAMA25DECFUT,NUVAMA,2025-12-30,375,12786690,2025-12-30 10:16:54.410729,2025-12-30 10:16:39,1444.0,1445.0,1444.0,0,1471.0,1442.0,1457.0,5,5,53625,432000,375,71250,69000,1602.5,1311.5,1450.62,453750,432000
NYKAA25DECFUT,NYKAA,2025-12-30,3125,12786946,2025-12-30 10:16:54.410729,2025-12-30 10:16:40,260.3,260.45,260.45,0,261.05,256.45,259.4,5,5,1412500,22837500,3125,662500,584375,285.3,233.5,259.49,23059375,22837500
OBEROIRLTY25DECFUT,OBEROIRLTY,2025-12-30,350,12787202,2025-12-30 10:16:54.410729,2025-12-30 10:16:44,1658.9,1660.3,1658.5,0,1676.6,1654.7,1671.4,5,5,105350,344750,350,68600,59150,1838.5,1504.3,1661.25,383250,344750
OFSS25DECFUT,OFSS,2025-12-30,75,12787458,2025-12-30 10:16:54.410729,2025-12-30 10:16:09,7656.5,7659.5,7659.0,0,7706.5,7621.0,7683.5,5,5,69750,385875,75,15900,33975,8451.5,6915.5,7647.26,387300,385800
OIL25DECFUT,OIL,2025-12-30,1400,12787970,2025-12-30 10:16:54.410729,2025-12-30 10:14:40,409.6,409.95,409.7,0,409.95,405.25,407.3,5,5,249200,1547000,1400,259000,196000,448.0,366.6,408.42,1568000,1540000
ONGC25DECFUT,ONGC,2025-12-30,2250,12788226,2025-12-30 10:16:54.410729,2025-12-30 10:16:33,234.66,234.77,234.69,0,235.29,233.59,234.46,5,5,2794500,17599500,2250,661500,697500,257.91,211.01,234.42,17599500,17286750
PAGEIND25DECFUT,PAGEIND,2025-12-30,15,12788482,2025-12-30 10:16:54.410729,2025-12-30 10:16:30,36305.0,36335.0,36305.0,0,36495.0,36220.0,36380.0,5,5,7260,37845,15,3015,3720,40015.0,32745.0,36318.2,40575,37845
PATANJALI25DECFUT,PATANJALI,2025-12-30,900,12788738,2025-12-30 10:16:54.410729,2025-12-30 10:16:44,540.45,540.85,540.4,0,541.2,537.05,540.65,5,5,536400,4012200,900,247500,434700,594.7,486.6,538.75,4060800,4011300
PAYTM25DECFUT,PAYTM,2025-12-30,725,12789506,2025-12-30 10:16:54.410729,2025-12-30 10:16:40,1304.0,1304.6,1304.6,0,1308.4,1298.8,1309.5,5,5,1254250,4048400,725,225475,196475,1440.4,1178.6,1304.05,4052025,3667775
PERSISTENT25DECFUT,PERSISTENT,2025-12-30,100,12789762,2025-12-30 10:16:54.410729,2025-12-30 10:16:46,6206.0,6210.5,6210.0,0,6220.5,6183.0,6227.5,5,5,51000,344300,100,29800,22200,6850.0,5605.0,6202.12,344600,335900
PETRONET25DECFUT,PETRONET,2025-12-30,1800,12790018,2025-12-30 10:16:54.410729,2025-12-30 10:16:34,280.55,280.75,280.75,0,282.35,279.85,278.5,5,5,1116000,4753800,1800,307800,354600,306.35,250.65,280.86,4755600,4555800
PFC25DECFUT,PFC,2025-12-30,1300,12790274,2025-12-30 10:16:54.410729,2025-12-30 10:16:52,350.55,350.65,350.6,0,352.5,348.75,351.05,5,5,4960800,23500100,1300,353600,924300,386.15,315.95,349.86,23510500,23355800
PGEL25DECFUT,PGEL,2025-12-30,700,12790530,2025-12-30 10:16:54.410729,2025-12-30 10:16:11,571.9,572.2,572.2,0,575.7,569.0,575.9,5,5,342300,1025500,700,203700,170100,633.45,518.35,571.12,1152200,1025500
PHOENIXLTD25DECFUT,PHOENIXLTD,2025-12-30,350,12790786,2025-12-30 10:16:54.410729,2025-12-30 10:15:49,1848.7,1850.3,1849.4,0,1854.0,1844.5,1849.6,5,5,53550,273350,350,61950,54950,2034.5,1664.7,1850.56,275800,260750
PIDILITIND25DECFUT,PIDILITIND,2025-12-30,500,12791042,2025-12-30 10:16:54.410729,2025-12-30 10:16:40,1448.5,1450.0,1448.9,0,1461.0,1442.0,1454.4,5,5,120000,803000,500,88000,99000,1599.8,1309.0,1448.36,824500,803000
PIIND25DECFUT,PIIND,2025-12-30,175,12791298,2025-12-30 10:16:54.410729,2025-12-30 10:15:58,3221.2,3222.6,3220.9,0,3236.6,3218.0,3240.0,5,5,84350,388675,175,32375,35000,3564.0,2916.0,3224.09,402325,388675
PNB25DECFUT,PNB,2025-12-30,8000,12791554,2025-12-30 10:16:54.410729,2025-12-30 10:16:50,120.81,120.87,120.85,0,120.86,119.11,120.55,5,5,16096000,47608000,8000,2480000,3088000,132.61,108.5,120.0,49752000,47440000
PNBHOUSING25DECFUT,PNBHOUSING,2025-12-30,650,12792322,2025-12-30 10:16:54.410729,2025-12-30 10:16:30,940.8,942.25,941.9,0,948.0,936.5,932.9,5,5,544700,2280850,650,134550,179400,1026.15,839.65,943.24,2321150,2280850
POLICYBZR25DECFUT,POLICYBZR,2025-12-30,350,12792578,2025-12-30 10:16:54.410729,2025-12-30 10:16:29,1864.5,1865.8,1865.2,0,1900.6,1859.6,1900.9,5,5,461650,507500,350,74900,86100,2090.9,1710.9,1870.32,563150,487550
POLYCAB25DECFUT,POLYCAB,2025-12-30,125,12792834,2025-12-30 10:16:54.410729,2025-12-30 10:16:48,7560.0,7567.5,7560.0,0,7560.0,7482.5,7493.5,5,5,64125,305125,125,32375,19750,8242.5,6744.5,7527.49,310500,303875
POWERGRID25DECFUT,POWERGRID,2025-12-30,1900,12793090,2025-12-30 10:16:54.410729,2025-12-30 10:16:46,261.15,261.3,261.25,0,261.35,260.0,260.85,5,5,2306600,16104400,1900,499700,773300,286.9,234.8,260.73,16115800,15990400
POWERINDIA25DECFUT,POWERINDIA,2025-12-30,50,12800002,2025-12-30 10:16:54.410729,2025-12-30 10:16:31,18200.0,18225.0,18200.0,0,18395.0,18050.0,18350.0,5,5,5900,49800,50,9700,14750,20185.0,16515.0,18241.48,51550,49700
PPLPHARMA25DECFUT,PPLPHARMA,2025-12-30,2500,12800258,2025-12-30 10:16:54.410729,2025-12-30 10:16:32,172.43,172.59,172.59,0,174.31,171.97,173.13,5,5,1380000,5875000,2500,445000,610000,190.44,155.82,172.54,5987500,5875000
PRESTIGE25DECFUT,PRESTIGE,2025-12-30,450,12801538,2025-12-30 10:16:54.410729,2025-12-30 10:15:55,1579.5,1580.5,1580.9,0,1587.0,1570.4,1593.2,5,5,294750,1155150,450,94050,89100,1752.5,1433.9,1578.0,1185750,1151550
RBLBANK25DECFUT,RBLBANK,2025-12-30,3175,12802050,2025-12-30 10:16:54.410729,2025-12-30 10:15:48,309.0,309.35,309.3,0,309.65,302.6,304.45,5,5,6162675,15138400,3175,815975,673100,334.9,274.05,307.58,15138400,14471650
RECLTD25DECFUT,RECLTD,2025-12-30,1275,12803330,2025-12-30 10:16:54.410729,2025-12-30 10:16:47,354.0,354.1,354.0,0,356.3,352.55,355.25,5,5,4253400,30369225,1275,365925,1192125,390.75,319.75,353.9,30564300,30369225
RELIANCE25DECFUT,RELIANCE,2025-12-30,500,12803586,2025-12-30 10:16:54.410729,2025-12-30 10:16:51,1548.9,1549.0,1549.1,0,1552.7,1541.7,1546.0,5,5,3379000,15701000,500,254500,400500,1700.6,1391.4,1549.0,15876500,15248000
RVNL25DECFUT,RVNL,2025-12-30,1375,12803842,2025-12-30 10:16:54.410729,2025-12-30 10:16:45,369.2,369.4,369.4,0,372.65,364.3,367.6,5,5,2301750,3130875,1375,215875,354750,404.35,330.85,367.59,3689125,3130875
SAIL25DECFUT,SAIL,2025-12-30,4700,12804098,2025-12-30 10:16:54.410729,2025-12-30 10:16:55,135.3,135.38,135.35,0,135.35,133.46,134.28,5,5,3670700,43437400,4700,1297200,972900,147.71,120.85,134.48,43522000,43409200
SAMMAANCAP25DECFUT,SAMMAANCAP,2025-12-30,4300,12816130,2025-12-30 10:16:54.410729,2025-12-30 10:16:21,141.38,141.48,141.47,0,142.35,139.79,142.77,5,5,16684000,68129200,4300,597700,1345900,157.05,128.49,141.05,68322700,66796200
SBICARD25DECFUT,SBICARD,2025-12-30,800,12816386,2025-12-30 10:16:54.410729,2025-12-30 10:16:55,843.35,843.8,843.5,0,853.15,842.4,852.3,5,5,756800,4384800,800,183200,184000,937.5,767.1,846.94,4436000,4384800
SBILIFE25DECFUT,SBILIFE,2025-12-30,375,12816642,2025-12-30 10:16:54.410729,2025-12-30 10:16:16,2001.0,2002.1,2001.9,0,2018.3,1996.6,2011.9,5,5,136875,648000,375,87000,76125,2213.0,1810.8,2001.44,679125,648000
SBIN25DECFUT,SBIN,2025-12-30,750,12816898,2025-12-30 10:16:54.410729,2025-12-30 10:16:55,966.9,967.2,966.9,0,967.25,958.8,965.05,5,5,2838000,13242750,750,361500,341250,1061.55,868.55,962.43,13381500,13221000
SHREECEM25DECFUT,SHREECEM,2025-12-30,25,12817410,2025-12-30 10:16:54.410729,2025-12-30 10:16:20,26175.0,26190.0,26190.0,0,26235.0,26105.0,26230.0,5,5,9000,54800,25,4900,4700,28850.0,23610.0,26189.63,55350,54675
SHRIRAMFIN25DECFUT,SHRIRAMFIN,2025-12-30,825,12817666,2025-12-30 10:16:54.410729,2025-12-30 10:16:41,965.55,965.9,965.9,0,976.3,958.0,954.35,5,5,2503050,9079125,825,317625,313500,1049.75,858.95,967.12,9079125,8627850
SIEMENS25DECFUT,SIEMENS,2025-12-30,125,12819458,2025-12-30 10:16:54.410729,2025-12-30 10:16:23,3036.8,3037.9,3038.0,0,3072.9,3024.2,3054.1,5,5,62875,678125,125,30875,35375,3359.5,2748.7,3037.21,696625,678125
SOLARINDS25DECFUT,SOLARINDS,2025-12-30,75,12819714,2025-12-30 10:16:54.410729,2025-12-30 10:16:51,12195.0,12196.0,12200.0,0,12360.0,12181.0,12324.0,5,5,79575,293100,75,13200,20250,13556.0,11092.0,12253.91,293100,272550
SONACOMS25DECFUT,SONACOMS,2025-12-30,1050,12819970,2025-12-30 10:16:54.410729,2025-12-30 10:15:19,479.6,479.95,479.5,0,480.35,477.1,477.9,5,5,378000,1685250,1050,175350,206850,525.65,430.15,479.04,1687350,1651650
SRF25DECFUT,SRF,2025-12-30,200,12820226,2025-12-30 10:16:54.410729,2025-12-30 10:16:55,3055.2,3057.0,3057.1,0,3067.3,3046.8,3069.3,5,5,97200,523400,200,41200,51200,3376.2,2762.4,3057.06,528200,522800
SUNPHARMA25DECFUT,SUNPHARMA,2025-12-30,350,12821506,2025-12-30 10:16:54.410729,2025-12-30 10:15:34,1718.5,1718.9,1718.4,0,1719.4,1705.8,1714.5,5,5,410900,2270100,350,105000,78750,1885.9,1543.1,1714.17,2353050,2270100
SUPREMEIND25DECFUT,SUPREMEIND,2025-12-30,175,12821762,2025-12-30 10:16:54.410729,2025-12-30 10:16:55,3287.4,3289.6,3288.0,0,3290.0,3266.0,3283.6,5,5,139125,908775,175,35000,40075,3611.9,2955.3,3279.64,999075,908775
SUZLON25DECFUT,SUZLON,2025-12-30,8000,12826370,2025-12-30 10:16:54.410729,2025-12-30 10:16:25,52.57,52.6,52.6,0,52.73,52.2,52.78,5,5,12344000,73552000,8000,1696000,3432000,58.06,47.5,52.39,74560000,73552000
SYNGENE25DECFUT,SYNGENE,2025-12-30,1000,12826626,2025-12-30 10:16:54.410729,2025-12-30 10:13:24,647.3,647.7,647.0,0,653.05,646.9,653.55,5,5,305000,1276000,4000,169000,159000,718.9,588.2,648.38,1320000,1276000
TATACONSUM25DECFUT,TATACONSUM,2025-12-30,550,12827906,2025-12-30 10:16:54.410729,2025-12-30 10:16:50,1185.0,1185.7,1185.4,0,1201.6,1182.4,1194.4,5,5,249700,1252350,550,124300,154000,1313.8,1075.0,1189.65,1293600,1252350
TATAELXSI25DECFUT,TATAELXSI,2025-12-30,100,12828162,2025-12-30 10:16:54.410729,2025-12-30 10:16:20,5288.0,5290.0,5289.0,0,5345.0,5288.0,5321.0,5,5,67800,462500,100,21700,43800,5853.0,4789.0,5300.21,476700,462500
TMPV25DECFUT,TMPV,2025-12-30,800,12829442,2025-12-30 10:16:54.410729,2025-12-30 10:16:55,363.55,363.7,363.65,0,363.75,358.9,359.2,5,5,4957600,20946400,800,414400,560000,395.1,323.3,361.41,21152000,20596000
TATAPOWER25DECFUT,TATAPOWER,2025-12-30,1450,12830210,2025-12-30 10:16:54.410729,2025-12-30 10:16:35,375.0,375.1,375.1,0,375.85,373.5,376.5,5,5,5276550,15322150,1450,343650,688750,414.15,338.85,374.77,15599100,15309100
TATASTEEL25DECFUT,TATASTEEL,2025-12-30,5500,12830722,2025-12-30 10:16:54.410729,2025-12-30 10:16:50,172.31,172.38,172.36,0,172.39,170.63,171.98,5,5,7925500,34281500,5500,2106500,2469500,189.18,154.78,171.42,35321000,34281500
TATATECH25DECFUT,TATATECH,2025-12-30,800,12831490,2025-12-30 10:16:54.410729,2025-12-30 10:16:30,647.85,648.05,648.05,0,651.15,646.55,652.75,5,5,789600,2420800,800,156000,325600,718.0,587.5,648.25,2949600,2420800
TCS25DECFUT,TCS,2025-12-30,175,12831746,2025-12-30 10:16:54.410729,2025-12-30 10:16:54,3247.9,3248.0,3248.0,0,3252.0,3226.0,3252.5,5,5,746550,7820925,175,61075,64225,3577.7,2927.3,3244.77,7969150,7767900
TECHM25DECFUT,TECHM,2025-12-30,600,12832002,2025-12-30 10:16:54.410729,2025-12-30 10:16:26,1610.3,1611.2,1611.1,0,1614.5,1607.1,1610.9,5,5,411000,5514000,600,206400,117600,1771.9,1449.9,1611.12,5514000,5486400
TIINDIA25DECFUT,TIINDIA,2025-12-30,200,12832258,2025-12-30 10:16:54.410729,2025-12-30 10:16:30,2575.9,2578.4,2576.0,0,2589.5,2565.8,2597.9,5,5,87400,508200,200,37800,89800,2857.6,2338.2,2576.12,509200,507400
TITAGARH25DECFUT,TITAGARH,2025-12-30,725,12833282,2025-12-30 10:16:54.410729,2025-12-30 10:16:35,896.2,896.5,896.2,0,911.0,887.9,910.75,5,5,361775,2110475,725,113825,161675,1001.8,819.7,894.78,2182975,2110475
TITAN25DECFUT,TITAN,2025-12-30,175,12835842,2025-12-30 10:16:54.410729,2025-12-30 10:16:32,3971.6,3972.3,3971.3,0,3983.4,3953.0,3979.5,5,5,174475,1668100,175,73850,45325,4377.4,3581.6,3968.27,1668100,1611925
TORNTPHARM25DECFUT,TORNTPHARM,2025-12-30,250,12836866,2025-12-30 10:16:54.410729,2025-12-30 10:16:30,3766.3,3771.5,3765.9,0,3780.9,3764.5,3778.8,5,5,21500,179000,250,42500,34000,4156.6,3401.0,3770.45,184750,179000
TORNTPOWER25DECFUT,TORNTPOWER,2025-12-30,375,12837634,2025-12-30 10:16:54.410729,2025-12-30 10:16:53,1275.4,1276.8,1275.5,0,1285.9,1271.1,1281.0,5,5,196125,537000,375,68250,72750,1409.1,1152.9,1275.49,537000,491250
TRENT25DECFUT,TRENT,2025-12-30,100,12837890,2025-12-30 10:16:54.410729,2025-12-30 10:16:47,4232.5,4233.6,4232.9,0,4249.8,4192.9,4219.4,5,5,462400,1825200,100,32800,78900,4641.3,3797.5,4222.37,1846100,1818000
TVSMOTOR25DECFUT,TVSMOTOR,2025-12-30,175,12838146,2025-12-30 10:16:54.410729,2025-12-30 10:14:00,3602.9,3605.4,3606.3,0,3610.4,3552.5,3576.4,5,5,267925,1161125,175,51975,30975,3934.0,3218.8,3593.73,1166025,1156575
ULTRACEMCO25DECFUT,ULTRACEMCO,2025-12-30,50,12838402,2025-12-30 10:16:54.410729,2025-12-30 10:16:34,11762.0,11764.0,11764.0,0,11782.0,11700.0,11781.0,5,5,75500,365550,50,13650,18750,12959.0,10603.0,11750.97,376400,356650
UNIONBANK25DECFUT,UNIONBANK,2025-12-30,4425,12842498,2025-12-30 10:16:54.410729,2025-12-30 10:16:16,149.43,149.47,149.42,0,149.78,148.02,149.27,5,5,3159450,20200125,4425,1079700,1062000,164.2,134.34,148.55,20638200,20147025
UNITDSPR25DECFUT,UNITDSPR,2025-12-30,400,12842754,2025-12-30 10:16:54.410729,2025-12-30 10:16:35,1424.6,1425.0,1425.0,0,1433.8,1350.0,1426.6,5,5,371200,2056800,400,90800,141600,1569.2,1284.0,1425.49,2087600,2056800
UNOMINDA25DECFUT,UNOMINDA,2025-12-30,550,12843010,2025-12-30 10:16:54.410729,2025-12-30 10:16:31,1264.3,1266.1,1266.0,0,1268.5,1257.7,1268.8,5,5,168300,668250,550,93500,90750,1395.6,1142.0,1263.68,673750,657250
UPL25DECFUT,UPL,2025-12-30,1355,12843266,2025-12-30 10:16:54.410729,2025-12-30 10:16:19,779.0,779.4,778.75,0,780.2,768.9,771.1,5,5,3200510,7887455,1355,429535,365850,848.2,694.0,774.26,7895585,7869840
VBL25DECFUT,VBL,2025-12-30,1025,12843522,2025-12-30 10:16:54.410729,2025-12-30 10:16:53,485.2,485.4,485.4,0,485.85,479.15,481.95,5,5,1660500,6073125,1025,255225,279825,530.15,433.8,482.78,6073125,5811750
VEDL25DECFUT,VEDL,2025-12-30,1150,12843778,2025-12-30 10:16:54.410729,2025-12-30 10:16:55,596.5,596.55,596.5,0,597.1,591.25,593.6,5,5,2714000,19589100,1150,679650,393300,652.95,534.25,594.57,19589100,19035950
VOLTAS25DECFUT,VOLTAS,2025-12-30,375,12844034,2025-12-30 10:16:54.410729,2025-12-30 10:16:54,1365.6,1367.0,1366.4,0,1382.7,1362.6,1381.8,5,5,159375,600750,375,79875,91500,1519.9,1243.7,1368.91,618750,600375
WIPRO25DECFUT,WIPRO,2025-12-30,3000,12844290,2025-12-30 10:16:54.410729,2025-12-30 10:16:40,264.46,264.57,264.47,0,264.98,263.42,264.58,5,5,2442000,19353000,3000,822000,588000,291.04,238.12,264.21,20214000,19353000
YESBANK25DECFUT,YESBANK,2025-12-30,31100,12845570,2025-12-30 10:16:54.410729,2025-12-30 10:16:29,21.29,21.3,21.29,0,21.43,21.14,21.38,5,5,53056600,296818400,31100,5287000,13652900,23.52,19.24,21.21,296818400,295014600
ZYDUSLIFE25DECFUT,ZYDUSLIFE,2025-12-30,900,12845826,2025-12-30 10:16:54.410729,2025-12-30 10:16:30,901.75,902.25,901.8,0,902.15,897.0,903.5,5,5,464400,2644200,900,167400,223200,993.85,813.15,899.83,2647800,2635200
